Name,Instance count,Size (bytes)
char[ ],27039,8308680
java.lang.String,22669,544056
java.lang.Object,8313,133008
int[ ],7156,5937352
byte[ ],5751,6562720
java.lang.Object[ ],4473,297968
java.lang.Class,2833,324400
java.util.HashMap$Node,2668,85376
java.util.Hashtable$Entry,2340,74880
java.util.concurrent.ConcurrentHashMap$Node,2291,73312
java.lang.Class$AnnotationData,2198,52752
java.lang.management.MemoryUsage,2130,102240
java.util.LinkedHashMap$Entry,1999,79960
xaurora.text.Token,1786,85728
java.util.ArrayList$Itr,1430,45760
java.lang.StringBuilder,1201,28824
java.util.ArrayList,1193,28632
java.lang.Long,1161,27864
java.lang.String[ ],1116,43576
java.util.TreeMap$Entry,982,39280
java.nio.HeapCharBuffer,971,46608
java.util.regex.Matcher,910,58240
java.util.regex.Pattern,905,65160
java.util.regex.Pattern$GroupHead[ ],894,50064
java.lang.Class[ ],877,20304
java.util.HashMap,760,36480
boolean[ ],733,196272
java.util.regex.Pattern$Start,727,17448
java.util.regex.Pattern$BitClass,720,17280
java.util.regex.Pattern$TreeInfo,716,17184
java.util.HashMap$Node[ ],702,60016
short[ ],673,70048
java.lang.reflect.Method,648,57024
org.apache.lucene.codecs.lucene50.Lucene50PostingsFormat$IntBlockTermState,637,61152
org.apache.lucene.codecs.blocktree.BlockTreeTermsWriter$PendingTerm,636,20352
org.apache.lucene.document.StringField,627,20064
java.nio.HeapByteBuffer,564,27072
java.util.regex.Pattern$1,554,13296
java.util.regex.Pattern$CharProperty$1,551,13224
java.util.Vector,529,16928
java.util.Hashtable$Entry[ ],513,43536
java.util.zip.ZipFile$ZipFileInflaterInputStream,506,28336
java.util.zip.ZipFile$ZipFileInputStream,506,28336
java.security.Provider$ServiceKey,494,11856
java.util.Hashtable,492,23616
java.lang.ref.SoftReference,490,19600
java.net.InetAddress$InetAddressHolder,483,15456
java.lang.ref.WeakReference,470,15040
long[ ],469,160240
com.jprofiler.agent.triggers.nanoxml.XMLElement,462,22176
java.lang.reflect.Field,440,31680
sun.nio.cs.ext.DoubleByte$Decoder,421,23576
java.math.BigInteger,409,16360
java.io.FileDescriptor,394,15760
java.util.jar.Attributes$Name,369,8856
org.apache.lucene.document.TextField,352,11264
sun.misc.FDBigInteger,341,10912
java.lang.Integer,323,5168
java.lang.ref.Finalizer,306,12240
java.io.IOException,302,9664
java.net.InetAddress,299,7176
java.io.InputStreamReader,297,7128
sun.nio.cs.StreamDecoder,297,14256
org.apache.lucene.util.BytesRef,281,6744
java.lang.Byte,273,4368
java.lang.Short,256,4096
sun.nio.fs.WindowsPath,253,10120
java.util.HashMap$KeyIterator,246,9840
sun.nio.cs.UTF_8$Decoder,239,9560
sun.security.action.GetPropertyAction,236,5664
java.util.Hashtable$Enumerator,233,11184
java.lang.StringBuffer,231,5544
java.util.regex.Pattern$Slice,227,5448
java.lang.invoke.LambdaForm$Name,225,7200
java.util.jar.Attributes,220,3520
java.security.Provider$Service,220,12320
java.lang.invoke.MemberName,219,12264
java.util.HashSet,201,3216
java.lang.Class$ReflectionData,196,10976
java.lang.ref.ReferenceQueue$Lock,196,3136
java.lang.ref.ReferenceQueue,194,6208
java.lang.reflect.Constructor,190,15200
java.util.regex.Pattern$Curly,183,5856
java.net.Inet4Address,181,4344
java.net.DualStackPlainSocketImpl,181,15928
java.net.SocksSocketImpl,181,21720
java.io.ByteArrayInputStream,179,5728
java.net.Socket,179,5728
java.util.regex.Pattern$BnM,178,5696
java.util.regex.Pattern$Single,178,4272
java.net.SocketOutputStream,177,8496
java.net.SocketInputStream,177,8496
org.apache.lucene.document.LongField,176,5632
org.apache.lucene.document.Document,176,2816
java.util.concurrent.ConcurrentHashMap,161,10304
java.util.HashMap$KeySet,155,2480
java.util.concurrent.atomic.AtomicInteger,153,2448
sun.nio.fs.WindowsPathParser$Result,140,3360
java.lang.invoke.MethodType$ConcurrentWeakInternSet$WeakEntry,138,4416
java.lang.invoke.MethodType,137,5480
java.util.ArrayList$SubList,137,5480
sun.security.util.ObjectIdentifier,132,4224
sun.nio.cs.ext.DoubleByte$Encoder,130,8320
java.security.Provider$UString,130,3120
java.beans.MethodRef,129,3096
java.lang.Character,128,2048
sun.nio.cs.StreamEncoder,127,6096
java.io.OutputStreamWriter,127,3048
java.util.ArrayList$SubList$1,127,5080
java.util.concurrent.locks.ReentrantLock$NonfairSync,127,4064
java.lang.reflect.Method[ ],126,5600
java.io.BufferedWriter,122,4880
java.io.PrintWriter,121,4840
java.net.InetSocketAddress[ ],120,2880
java.io.BufferedReader,119,5712
java.net.Socket$3,118,1888
java.net.Socket$2,118,1888
java.net.InetSocketAddress$InetSocketAddressHolder,118,2832
java.net.InetSocketAddress,118,1888
java.util.concurrent.atomic.AtomicReferenceArray,116,1856
com.jprofiler.agent.util.a.a.b.n$m,116,7424
com.jprofiler.agent.probe.structures.o,115,4600
java.util.LinkedHashMap,106,5936
org.apache.lucene.util.fst.Builder$Arc,105,3360
org.apache.lucene.util.fst.Builder$Arc[ ],101,2440
org.apache.lucene.util.fst.Builder$UnCompiledNode,100,4800
java.lang.invoke.LambdaForm$NamedFunction,100,2400
java.lang.ref.SoftReference[ ],94,5640
sun.nio.fs.WindowsFileAttributes,91,5824
java.util.HashMap$ValueIterator,84,3360
java.lang.invoke.LambdaForm$Name[ ],79,3560
java.lang.invoke.DirectMethodHandle,77,2464
java.lang.reflect.Field[ ],77,3112
java.lang.reflect.Constructor[ ],77,1952
java.net.URL,75,4800
java.lang.invoke.LambdaForm,74,3552
java.util.Collections$UnmodifiableCollection$1,73,1752
sun.reflect.DelegatingConstructorAccessorImpl,72,1152
sun.reflect.NativeConstructorAccessorImpl,70,1680
org.apache.lucene.index.FreqProxTermsWriterPerField$FreqProxPostingsArray,68,3264
sun.security.util.DerInputStream,68,1632
sun.security.util.DerInputBuffer,68,2176
sun.security.util.DerValue,68,2176
java.beans.MethodDescriptor,67,3752
sun.security.x509.AVA,65,1560
sun.security.x509.RDN,65,1560
sun.security.x509.AVA[ ],65,1560
java.lang.Class$MethodArray,63,1512
java.util.HashMap$EntrySet,60,960
com.jprofiler.agent.util.a.b.ad,60,4320
java.nio.file.LinkOption[ ],55,896
java.util.Collections$UnmodifiableSet,54,864
java.io.ExpiringCache$Entry,54,1296
sun.nio.fs.WindowsFileAttributeViews$Basic,52,1248
java.util.concurrent.ConcurrentHashMap$Node[ ],49,22016
java.lang.invoke.MethodTypeForm,49,2744
sun.nio.ch.FileDispatcherImpl,49,784
sun.nio.fs.WindowsChannelFactory$Flags,49,1568
java.nio.ByteBuffer[ ],49,1344
sun.nio.ch.FileChannelImpl,48,3072
sun.nio.ch.NativeThreadSet,48,1152
java.nio.channels.spi.AbstractInterruptibleChannel$1,48,768
java.nio.file.OpenOption[ ],48,1032
org.apache.lucene.util.Version,47,1504
java.security.spec.ECPoint,47,1128
sun.security.ec.NamedCurve,46,1840
java.security.spec.EllipticCurve,46,1472
sun.reflect.annotation.AnnotationInvocationHandler,45,1080
java.lang.Package,44,2464
org.apache.lucene.util.packed.PackedInts$FormatAndBits,44,1056
java.util.concurrent.atomic.AtomicIntegerArray,42,672
java.util.HashMap$Values,42,672
java.util.HashMap$EntryIterator,40,1600
java.io.ObjectStreamField,40,1600
org.apache.lucene.util.fst.FST$Arc,40,2880
org.apache.lucene.util.packed.BulkOperationPacked,40,1920
java.util.WeakHashMap$Entry,39,1560
sun.util.locale.LocaleObjectCache$CacheEntry,39,1872
java.util.regex.Pattern$CharPropertyNames$1,39,624
org.apache.lucene.store.RAMFile,38,1520
org.apache.lucene.store.RAMOutputStream,38,2128
java.util.TreeMap,38,1824
java.math.BigInteger[ ],38,1184
java.util.WeakHashMap$Entry[ ],37,2960
java.lang.StackTraceElement,34,1088
java.nio.file.attribute.FileTime,32,1024
sun.misc.Cleaner,31,1240
java.util.LinkedHashMap$LinkedValues,31,496
java.beans.PropertyDescriptor,31,2232
java.util.Collections$UnmodifiableMap,30,960
sun.misc.URLClassPath$JarLoader,30,1440
com.jprofiler.agent.probe.structures.h,30,1200
java.security.Provider$EngineDescription,30,960
java.security.cert.Certificate[ ],29,688
java.security.CodeSource,29,928
java.lang.invoke.MethodHandle[ ],28,2912
java.util.WeakHashMap,28,1344
java.io.File,28,896
com.jprofiler.agent.probe.structures.MetaDataImpl,28,2240
sun.nio.fs.WindowsPath$WindowsPathWithAttributes,27,1296
java.security.Principal[ ],27,432
java.security.ProtectionDomain$Key,27,432
java.security.ProtectionDomain,27,1080
java.security.spec.ECFieldF2m,26,624
java.util.zip.CRC32,26,416
java.nio.DirectByteBufferR,25,1600
java.util.Collections$UnmodifiableRandomAccessList,25,600
org.apache.lucene.util.WeakIdentityMap$IdentityWeakReference,25,800
java.util.Date,25,600
org.apache.log4j.helpers.PatternParser$LiteralPatternConverter,25,800
java.util.concurrent.atomic.AtomicLong,24,576
sun.nio.cs.UTF_8$Encoder,24,1344
java.util.concurrent.ConcurrentHashMap$KeySetView,24,576
sun.security.x509.OIDMap$OIDInfo,24,768
com.sun.proxy.$Proxy3,23,368
org.apache.lucene.store.ByteBufferIndexInput$SingleBufferImpl,23,1472
org.apache.lucene.codecs.blocktree.BlockTreeTermsWriter$PendingBlock,23,1104
sun.reflect.UnsafeStaticObjectFieldAccessorImpl,23,736
org.apache.lucene.index.FieldInfo,22,1056
sun.reflect.DelegatingMethodAccessorImpl,22,352
java.lang.ThreadLocal$ThreadLocalMap$Entry,22,704
org.apache.lucene.codecs.lucene50.Lucene50CompoundReader$FileEntry,22,704
java.util.concurrent.ConcurrentHashMap$KeyIterator,21,1176
sun.nio.ch.FileChannelImpl$Unmapper,21,840
org.apache.lucene.util.WeakIdentityMap$1,21,672
org.apache.lucene.store.MMapDirectory$2$1,21,504
org.apache.lucene.util.WeakIdentityMap,21,504
sun.security.x509.AVAKeyword,21,504
java.util.Arrays$ArrayList,21,504
org.apache.lucene.util.fst.Builder$CompiledNode,20,480
com.jprofiler.agent.util.a.a.b.n$m[ ],20,784
com.jprofiler.agent.util.a.a.b.n,20,2080
java.security.spec.ECFieldFp,20,320
sun.nio.fs.WindowsNativeDispatcher$FirstFile,20,640
java.util.Locale$LocaleKey,19,456
sun.util.locale.BaseLocale$Key,19,760
sun.util.locale.BaseLocale,19,608
java.util.Locale,19,608
java.io.BufferedOutputStream,19,456
org.apache.lucene.index.SegmentCommitInfo,19,1824
sun.security.x509.AlgorithmId,19,608
sun.nio.fs.WindowsException,18,720
sun.misc.MetaIndex,18,432
java.lang.RuntimePermission,18,432
org.apache.lucene.index.IndexFileDeleter$RefCount,18,432
java.security.AccessControlContext,18,720
java.text.DateFormat$Field,18,432
java.util.regex.Pattern$CharPropertyNames$4,18,288
java.nio.file.attribute.FileAttribute[ ],18,288
java.util.ArrayDeque,17,408
java.util.zip.ZipCoder,17,544
org.apache.lucene.util.BytesRefBuilder,17,272
java.util.zip.Inflater,17,816
java.util.zip.ZStreamRef,17,408
java.util.jar.JarFile$JarFileEntry,17,1632
java.lang.management.PlatformComponent[ ],16,328
java.io.ObjectStreamField[ ],16,456
java.util.jar.JarFile,16,1024
java.lang.management.PlatformComponent,15,720
java.nio.channels.Channels$1,15,480
java.util.zip.CheckedOutputStream,15,360
org.apache.lucene.store.FSDirectory$FSIndexOutput$1,15,360
com.jprofiler.agent.sampler.Sampler$c,15,480
com.jprofiler.agent.probe.structures.p$b,15,360
com.jprofiler.agent.probe.structures.p$c,15,360
com.jprofiler.agent.probe.structures.p$a,15,360
org.apache.lucene.store.FSDirectory$FSIndexOutput,15,720
com.jprofiler.agent.probe.d.e,15,840
com.jprofiler.agent.probe.d.c,15,2040
com.jprofiler.agent.probe.d.f,15,360
com.jprofiler.agent.probe.d.d,15,240
com.jprofiler.api.agent.probe.ThreadLocalStack,15,240
com.jprofiler.api.agent.probe.ThreadLocalStack$1,15,360
java.lang.Byte[ ],15,1376
org.apache.lucene.util.BytesRefHash,14,784
org.apache.lucene.index.TermsHashPerField$PostingsBytesStartArray,14,336
sun.reflect.NativeMethodAccessorImpl,14,336
java.lang.invoke.LambdaFormEditor$Transform$Kind,14,336
org.apache.lucene.util.packed.BulkOperationPackedSingleBlock,14,448
org.apache.log4j.CategoryKey,14,336
java.util.LinkedHashMap$LinkedEntrySet,14,224
java.lang.ClassValue$Entry,13,416
sun.reflect.DelegatingClassLoader,13,936
com.jprofiler.agent.probe.e.g,13,312
com.jprofiler.agent.probe.e.g[ ],13,392
java.math.MutableBigInteger,13,312
java.util.Formatter$Flags,13,208
org.apache.log4j.Level,13,312
java.io.FileInputStream,12,384
java.io.FileOutputStream,12,384
java.util.TreeMap$EntrySet,12,192
java.util.TreeMap$EntryIterator,12,384
java.util.TreeMap$KeyIterator,12,384
com.jprofiler.agent.probe.structures.a,12,288
java.lang.invoke.Invokers,12,288
javax.crypto.CryptoPermission,12,480
sun.security.x509.X500Name,12,576
sun.security.x509.RDN[ ],12,456
java.util.regex.Pattern$Branch,12,384
java.lang.invoke.MethodHandleImpl$IntrinsicMethodHandle,12,480
sun.util.calendar.ZoneInfo,12,672
java.util.regex.Pattern$BranchConn,12,192
java.lang.invoke.SimpleMethodHandle,12,384
java.util.regex.Pattern$Node[ ],12,568
java.lang.Thread,12,4512
java.nio.DirectByteBuffer,11,704
org.apache.lucene.util.packed.PackedInts$Reader[ ],11,712
java.io.Closeable[ ],11,280
java.security.Permissions,11,352
java.lang.StringCoding$StringEncoder,11,352
com.jprofiler.agent.probe.b,11,176
java.util.Vector$Itr,11,352
com.jprofiler.agent.probe.d.a,11,264
org.apache.lucene.index.ByteSliceReader,11,528
org.apache.lucene.util.IntsRefBuilder,11,176
org.apache.lucene.util.IntsRef,11,264
java.util.AbstractList$Itr,11,352
java.util.regex.Pattern$GroupHead,11,264
java.util.regex.Pattern$GroupTail,11,264
java.lang.ThreadLocal,11,176
org.apache.log4j.Logger,11,440
java.io.FilePermissionCollection,10,240
java.nio.file.StandardOpenOption,10,240
org.apache.lucene.util.packed.Direct8,10,240
java.lang.ClassValue$Entry[ ],10,1320
org.apache.lucene.util.AttributeSource$State,10,240
java.io.FilePermission,10,320
org.apache.lucene.util.packed.PackedWriter,10,560
java.lang.ThreadLocal$ThreadLocalMap$Entry[ ],10,800
java.lang.OutOfMemoryError,10,320
java.lang.ThreadLocal$ThreadLocalMap,10,240
org.apache.lucene.util.fst.Builder$UnCompiledNode[ ],10,560
org.apache.lucene.store.BufferedChecksumIndexInput,10,320
org.apache.lucene.store.BufferedChecksum,10,240
sun.invoke.util.Wrapper,10,560
org.apache.lucene.util.packed.GrowableWriter,10,320
org.apache.lucene.util.fst.BytesStore$2,10,320
org.apache.lucene.util.packed.PagedGrowableWriter,10,400
org.apache.lucene.util.packed.PackedInts$Mutable[ ],10,240
org.apache.lucene.util.fst.BytesStore,10,400
org.apache.lucene.util.fst.NodeHash,10,480
org.apache.lucene.util.fst.Builder,10,880
org.apache.lucene.util.fst.FST,10,720
java.lang.invoke.DirectMethodHandle$Accessor,10,400
java.security.CryptoPrimitive,10,240
sun.security.jca.ProviderConfig,10,320
java.text.DecimalFormatSymbols,10,640
java.text.DateFormatSymbols,10,640
org.apache.log4j.helpers.PatternParser$BasicPatternConverter,10,320
java.util.LinkedList,10,320
sun.reflect.generics.tree.SimpleClassTypeSignature,9,216
sun.reflect.generics.tree.TypeArgument[ ],9,152
java.util.WeakHashMap$KeyIterator,9,432
java.lang.ClassValue$ClassValueMap,9,576
java.util.jar.Manifest,9,216
java.util.concurrent.locks.ReentrantLock,9,144
sun.security.jca.ServiceId,9,216
jdk.internal.org.objectweb.asm.Type,9,288
org.apache.lucene.util.FixedBitSet,9,216
java.util.ResourceBundle$CacheKey,9,504
java.util.ResourceBundle$LoaderReference,9,288
java.util.ResourceBundle$BundleReference,9,432
java.beans.BeanDescriptor,8,384
java.util.Collections$UnmodifiableCollection,8,128
java.util.TreeMap$KeySet,8,128
sun.reflect.generics.tree.ClassTypeSignature,8,128
java.security.BasicPermissionCollection,8,256
org.apache.lucene.util.packed.DeltaPackedLongValues$Builder,8,512
sun.misc.ProxyGenerator$PrimitiveTypeInfo,8,256
com.jprofiler.api.agent.probe.DataType,8,128
org.apache.lucene.index.SegmentInfo,8,448
javax.crypto.CryptoPermissionCollection,8,192
java.util.LinkedList$ListItr,8,256
java.util.IdentityHashMap,8,320
java.beans.GenericBeanInfo,8,320
java.beans.MethodDescriptor[ ],8,1048
java.lang.invoke.BoundMethodHandle$Species_L,8,256
java.lang.invoke.MethodHandleImpl$Intrinsic,8,192
java.beans.PropertyDescriptor[ ],8,424
java.lang.invoke.LambdaForm$BasicType[ ],8,248
java.util.regex.Pattern$CharPropertyNames$3,8,128
java.util.regex.Pattern$Ctype,8,192
java.text.DigitList,8,320
java.math.RoundingMode,8,192
java.text.DecimalFormat,8,1152
sun.util.locale.provider.LocaleResources$ResourceReference,8,384
com.sun.management.VMOption$Origin,7,168
java.util.concurrent.ConcurrentLinkedQueue$Node,7,168
org.apache.lucene.index.TermVectorsConsumerPerField$TermVectorsPostingsArray,7,280
org.apache.lucene.util.AttributeSource$State[ ],7,168
org.apache.lucene.index.FieldInvertState,7,504
org.apache.lucene.index.NormValuesWriter,7,224
sun.reflect.annotation.AnnotationType,7,224
java.util.Collections$SynchronizedSet,7,168
char[ ][ ],7,6048
java.lang.reflect.Proxy$Key1,7,224
org.apache.lucene.codecs.blocktree.BlockTreeTermsWriter$FieldMetaData,7,504
java.lang.reflect.WeakCache$CacheValue,7,224
org.apache.lucene.index.FreqProxTermsWriterPerField,7,840
org.apache.lucene.document.FieldType,7,280
org.apache.lucene.index.TermVectorsConsumerPerField,7,784
org.apache.lucene.index.DefaultIndexingChain$PerField[ ],7,304
org.apache.lucene.index.DefaultIndexingChain$PerField,7,448
com.jprofiler.api.agent.probe.Unit,7,112
org.apache.lucene.util.fst.FST$Arc[ ],7,2280
org.apache.lucene.util.fst.ReverseBytesReader,7,168
org.apache.lucene.codecs.blocktree.BlockTreeTermsWriter$TermsWriter,7,728
org.apache.lucene.index.FreqProxFields$FreqProxTermsEnum,7,280
sun.security.x509.NetscapeCertTypeExtension$MapEntry,7,168
java.lang.invoke.LambdaForm$NamedFunction[ ],7,208
org.apache.lucene.index.FreqProxFields$FreqProxTerms,7,112
org.apache.lucene.util.BytesRefHash$1,7,280
java.net.NetPermission,7,168
java.util.GregorianCalendar,7,784
sun.util.calendar.Gregorian$Date,7,672
double[ ],6,664
java.text.SimpleDateFormat,6,384
java.security.CodeSigner[ ],6,128
org.apache.lucene.analysis.tokenattributes.PackedTokenAttributeImpl,6,288
java.util.Properties,6,288
sun.misc.PerfCounter,6,144
java.net.URLClassLoader$1,6,144
java.nio.DirectLongBufferU,6,336
java.lang.StackTraceElement[ ],6,384
java.lang.ClassLoader$NativeLibrary,6,240
sun.management.MemoryPoolImpl$CollectionSensor,6,240
sun.management.MemoryPoolImpl,6,336
sun.management.MemoryPoolImpl$PoolSensor,6,240
com.sun.proxy.$Proxy4,6,96
com.sun.proxy.$Proxy5,6,96
org.apache.lucene.analysis.util.CharArraySet,6,96
org.apache.lucene.index.BufferedUpdates,6,336
java.util.Collections$SingletonMap,6,240
com.jprofiler.agent.probe.e.b[ ],6,208
org.apache.lucene.index.DocValuesType,6,144
org.apache.lucene.index.DocumentsWriterDeleteQueue$DeleteSlice,6,144
java.lang.invoke.LambdaForm$BasicType,6,192
sun.invoke.util.Wrapper[ ],6,456
org.apache.lucene.index.SegmentInfos,6,384
java.util.LinkedHashMap$LinkedValueIterator,6,192
java.util.LinkedHashMap$LinkedKeySet,6,96
sun.security.util.MemoryCache$SoftCacheEntry,6,336
sun.security.x509.CertificateSerialNumber,6,96
java.util.Collections$SynchronizedMap,6,192
sun.security.x509.X509CertInfo,6,336
sun.security.x509.CertificateX509Key,6,96
sun.security.x509.SerialNumber,6,96
sun.security.x509.KeyIdentifier,6,96
sun.security.x509.CertificateValidity,6,144
sun.security.util.BitArray,6,144
sun.security.util.Cache$EqualByteArray,6,144
sun.security.x509.CertificateAlgorithmId,6,96
sun.security.x509.X509CertImpl,6,480
sun.security.x509.CertificateVersion,6,96
java.lang.invoke.BoundMethodHandle$SpeciesData[ ],6,240
java.util.regex.Pattern$5,6,144
java.lang.invoke.LambdaFormEditor$Transform,6,336
java.util.regex.Pattern$CharPropertyNames$2,6,144
sun.nio.fs.NativeBuffer$Deallocator,6,144
sun.nio.fs.NativeBuffer,6,192
sun.security.util.DisabledAlgorithmConstraints$KeySizeConstraint$Operator,6,144
org.apache.lucene.index.FieldInfo[ ],6,288
sun.reflect.generics.tree.FieldTypeSignature[ ],5,104
com.jprofiler.agent.LockManager$a,5,80
java.lang.invoke.DirectMethodHandle$Constructor,5,200
java.util.TreeSet,5,80
java.util.concurrent.atomic.AtomicBoolean,5,80
java.lang.reflect.Type[ ],5,96
org.apache.lucene.index.MergeTrigger,5,120
com.jprofiler.agent.util.a.i$a[ ],5,400
org.apache.lucene.index.IndexOptions,5,120
com.sun.proxy.$Proxy2,5,80
com.jprofiler.agent.util.a.i,5,240
org.apache.lucene.store.IOContext,5,160
com.jprofiler.agent.probe.c.a$a,5,80
org.apache.lucene.index.DocumentsWriterDeleteQueue,5,200
org.apache.lucene.index.DocumentsWriterDeleteQueue$Node,5,120
sun.reflect.BootstrapConstructorAccessorImpl,5,80
int[ ][ ],5,296
org.apache.lucene.index.FreqProxFields$FreqProxDocsEnum,5,240
java.util.Formatter$FixedString,5,120
java.lang.invoke.BoundMethodHandle$SpeciesData,5,200
java.security.MessageDigest$Delegate,5,160
sun.nio.fs.WindowsPathType,5,120
sun.misc.FloatingDecimal$PreparedASCIIToBinaryBuffer,5,120
org.apache.log4j.helpers.PatternParser,5,240
org.apache.log4j.helpers.OnlyOnceErrorHandler,5,120
org.apache.log4j.helpers.PatternParser$LocationPatternConverter,5,200
org.apache.log4j.helpers.FormattingInfo,5,120
org.apache.log4j.helpers.PatternParser$DatePatternConverter,5,200
org.apache.log4j.PatternLayout,5,160
org.apache.log4j.helpers.PatternParser$CategoryPatternConverter,5,200
java.util.LinkedList$Node,5,120
sun.util.locale.provider.LocaleProviderAdapter$Type,5,160
java.util.regex.Pattern$Dot,4,64
sun.net.www.protocol.jar.Handler,4,64
java.util.Stack,4,128
com.sun.proxy.$Proxy1,4,64
org.apache.lucene.document.FieldType$NumericType,4,96
java.io.DataOutputStream,4,128
org.apache.lucene.store.IOContext$Context,4,96
org.apache.lucene.util.CloseableThreadLocal,4,96
org.apache.lucene.document.Field$StringTokenStream,4,192
com.jprofiler.agent.util.a.a.b.n$c[ ],4,128
java.text.Normalizer$Form,4,96
javax.security.auth.x500.X500Principal,4,64
sun.security.provider.SHA,4,224
javax.crypto.Cipher$Transform,4,128
java.util.TreeMap$ValueIterator,4,128
java.nio.DirectByteBuffer$Deallocator,4,128
sun.nio.fs.NativeBuffer[ ],4,128
org.apache.log4j.RollingFileAppender,4,352
org.apache.log4j.helpers.AppenderAttachableImpl,4,64
org.apache.log4j.helpers.CountingQuietWriter,4,160
org.apache.lucene.util.packed.PackedLongValues$Iterator,4,128
byte[ ][ ],4,1720
float[ ],3,1120
java.util.Collections$SingletonSet,3,48
java.nio.file.StandardCopyOption,3,72
java.util.Collections$UnmodifiableMap$UnmodifiableEntrySet,3,48
sun.reflect.generics.tree.FormalTypeParameter[ ],3,56
java.nio.channels.FileChannel$MapMode,3,48
java.util.concurrent.ConcurrentLinkedQueue,3,72
java.util.Collections$UnmodifiableMap$UnmodifiableEntrySet$1,3,72
com.sun.nio.file.ExtendedOpenOption,3,72
sun.nio.fs.WindowsDirectoryStream,3,144
sun.nio.fs.WindowsDirectoryStream$WindowsDirectoryIterator,3,96
org.apache.lucene.index.IndexWriterConfig$OpenMode,3,72
sun.misc.URLClassPath$JarLoader$2,3,96
org.apache.lucene.util.NamedSPILoader,3,72
org.apache.lucene.util.packed.DeltaPackedLongValues,3,144
java.lang.ClassValue$Identity,3,48
java.lang.ClassValue$Version,3,72
sun.misc.URLClassPath,3,144
sun.net.www.ParseUtil,3,48
java.util.WeakHashMap$KeySet,3,48
org.apache.lucene.index.IndexFileDeleter$CommitPoint,3,144
java.lang.StringCoding$StringDecoder,3,96
java.nio.charset.CodingErrorAction,3,48
java.util.concurrent.atomic.AtomicReferenceFieldUpdater$AtomicReferenceFieldUpdaterImpl,3,96
org.apache.lucene.index.BufferedUpdatesStream$ApplyDeletesResult,3,96
java.lang.ClassNotFoundException,3,120
org.apache.lucene.util.fst.BytesRefFSTEnum$InputOutput,3,72
org.apache.lucene.util.fst.BytesRefFSTEnum,3,168
com.jprofiler.agent.JProfilerThreadManager,3,144
org.apache.lucene.analysis.util.CharArrayMap$UnmodifiableCharArrayMap,3,144
com.jprofiler.agent.probe.e.e,3,72
java.lang.annotation.RetentionPolicy,3,72
java.lang.invoke.LambdaForm[ ],3,624
java.util.zip.ZipEntry,3,240
com.jprofiler.agent.probe.b.d,3,48
org.apache.lucene.index.FieldInfos,3,120
com.jprofiler.api.agent.ProbeObjectType,3,72
sun.security.provider.SecureRandom,3,96
java.net.Inet6Address,3,96
javax.crypto.CryptoPermissions,3,72
java.net.Inet6Address$Inet6AddressHolder,3,96
sun.security.provider.DSAParameters,3,72
sun.text.normalizer.NormalizerBase$QuickCheckResult,3,48
org.apache.lucene.util.fst.FST$INPUT_TYPE,3,72
sun.security.provider.DSAPublicKeyImpl,3,120
java.security.AlgorithmParameters,3,96
java.util.Base64$Encoder,3,72
java.util.Base64$Decoder,3,48
sun.security.x509.SubjectKeyIdentifierExtension,3,96
sun.security.x509.AuthorityKeyIdentifierExtension,3,120
sun.security.x509.CertificateExtensions,3,72
sun.security.rsa.RSAPublicKeyImpl,3,120
java.io.ByteArrayOutputStream,3,72
java.util.Formatter$Flags[ ],3,88
java.lang.invoke.BoundMethodHandle$Species_LL,3,120
java.security.ProtectionDomain[ ],3,72
java.text.AttributedCharacterIterator$Attribute,3,48
java.lang.annotation.Annotation[ ],3,48
java.util.Formatter$FormatSpecifier,3,120
java.util.TreeMap$Values,3,48
sun.nio.ch.Util$BufferCache,3,72
sun.misc.FloatingDecimal$ExceptionalBinaryToASCIIBuffer,3,72
java.security.SecurityPermission,3,72
java.util.RegularEnumSet,3,96
sun.misc.FloatingDecimal$BinaryToASCIIBuffer,3,120
org.apache.log4j.ProvisionNode,3,96
org.apache.log4j.spi.LocationInfo,3,96
sun.util.resources.ParallelListResourceBundle$KeySet,3,72
java.util.concurrent.atomic.AtomicMarkableReference,3,48
java.util.concurrent.atomic.AtomicMarkableReference$Pair,3,72
sun.util.locale.provider.LocaleServiceProviderPool,3,96
org.apache.lucene.index.NormValuesWriter$NumericIterator,3,96
org.apache.lucene.index.SegmentWriteState,3,144
java.util.Collections$1,2,48
com.sun.beans.WeakCache,2,32
java.lang.reflect.TypeVariable[ ],2,40
sun.reflect.generics.tree.ClassTypeSignature[ ],2,48
sun.reflect.generics.tree.ClassSignature,2,48
java.util.Vector$1,2,48
sun.reflect.generics.factory.CoreReflectionFactory,2,48
java.nio.file.StandardOpenOption[ ],2,112
sun.nio.ch.SharedFileLockTable,2,48
java.lang.InterruptedException,2,64
org.apache.lucene.store.TrackingDirectoryWrapper,2,48
java.util.jar.JarVerifier$3,2,32
sun.nio.ch.FileLockImpl,2,80
org.apache.lucene.analysis.standard.StandardTokenizerImpl,2,144
sun.nio.ch.FileKey,2,80
java.nio.file.FileAlreadyExistsException,2,80
org.apache.lucene.index.FlushByRamOrCountsPolicy,2,48
org.apache.lucene.index.ConcurrentMergeScheduler,2,112
xaurora.io.IDGenerator,2,32
java.util.jar.JarVerifier,2,176
java.security.CodeSigner,2,48
org.apache.lucene.index.KeepOnlyLastCommitDeletionPolicy,2,32
org.apache.lucene.index.IndexWriterConfig,2,208
java.io.FileOutputStream$1,2,32
org.apache.lucene.index.TieredMergePolicy,2,160
java.lang.reflect.ReflectPermission,2,48
java.util.concurrent.ConcurrentHashMap$ValuesView,2,32
java.util.StringTokenizer,2,96
java.lang.Integer[ ],2,1064
sun.reflect.generics.repository.ClassRepository,2,64
java.lang.ref.ReferenceQueue$Null,2,64
java.nio.ByteOrder,2,32
java.io.ExpiringCache,2,80
java.io.File$PathStatus,2,48
java.nio.charset.CoderResult,2,48
java.io.PrintStream,2,64
sun.misc.Signal,2,48
java.lang.Thread[ ],2,80
java.io.BufferedInputStream,2,80
java.lang.Boolean,2,32
java.lang.VirtualMachineError,2,64
sun.misc.NativeSignalHandler,2,48
java.util.Hashtable$EntrySet,2,32
java.io.ExpiringCache$1,2,128
sun.management.GarbageCollectorImpl,2,96
sun.management.MemoryManagerImpl,2,80
java.lang.ThreadGroup,2,96
java.lang.management.MemoryType,2,48
org.apache.lucene.analysis.core.StopFilter,2,96
com.jprofiler.agent.util.d,2,48
com.jprofiler.agent.probe.d.e[ ],2,160
org.apache.lucene.analysis.standard.StandardFilter,2,64
org.apache.lucene.analysis.core.LowerCaseFilter,2,80
org.apache.lucene.analysis.standard.StandardAnalyzer$1,2,64
org.apache.lucene.analysis.standard.StandardTokenizer,2,128
org.apache.lucene.document.Field$Store,2,48
org.apache.lucene.analysis.util.CharArrayMap,2,96
org.apache.lucene.util.IntBlockPool,2,80
org.apache.lucene.store.NativeFSLockFactory$NativeFSLock,2,64
org.apache.lucene.index.DocumentsWriterFlushControl,2,272
org.slf4j.impl.SimpleLogger,2,48
org.apache.lucene.util.ByteBlockPool,2,80
java.lang.annotation.RetentionPolicy[ ],2,64
org.apache.lucene.index.IndexFileDeleter,2,128
org.apache.lucene.analysis.ReusableStringReader,2,64
org.apache.lucene.index.DocumentsWriterFlushQueue,2,48
org.apache.lucene.util.Counter$SerialCounter,2,48
org.apache.lucene.index.DocumentsWriterPerThreadPool$ThreadState,2,64
org.apache.lucene.index.DocumentsWriter,2,144
org.apache.lucene.index.DocumentsWriterStallControl,2,80
org.apache.lucene.index.BufferedUpdatesStream,2,80
java.net.InetAddress$CacheEntry,2,48
java.lang.invoke.MethodHandles$Lookup,2,48
org.apache.lucene.index.FieldInfos$FieldNumbers,2,64
java.lang.invoke.MethodType[ ],2,112
java.net.InetAddress$Cache$Type,2,48
java.net.InetAddress$Cache,2,48
java.net.InetAddress[ ],2,64
sun.security.x509.BasicConstraintsExtension,2,64
sun.security.provider.certpath.X509CertPath,2,48
sun.security.util.MemoryCache,2,64
org.apache.lucene.index.FreqProxFields$FreqProxPostingsEnum,2,144
sun.security.x509.NetscapeCertTypeExtension,2,64
java.security.cert.X509Certificate[ ],2,48
java.util.concurrent.locks.AbstractQueuedSynchronizer$ConditionObject,2,48
java.util.Formatter$FormatString[ ],2,72
org.apache.lucene.index.IndexWriter$1,2,48
java.lang.Throwable,2,64
java.lang.invoke.MethodHandleImpl$AsVarargsCollector,2,80
java.util.Locale$Category,2,80
org.apache.lucene.index.IndexWriter,2,368
org.apache.lucene.store.LockValidatingDirectoryWrapper,2,48
org.apache.lucene.index.IndexWriter$ReaderPool,2,48
org.apache.lucene.index.DocumentsWriterPerThreadPool,2,48
java.text.DateFormat$Field[ ],2,200
org.apache.lucene.util.SetOnce,2,48
java.util.regex.Pattern$CharPropertyNames$21,2,32
org.apache.lucene.codecs.lucene50.Lucene50StoredFieldsFormat$Mode,2,48
org.apache.lucene.codecs.lucene54.Lucene54DocValuesConsumer$NumberType,2,48
java.util.regex.Pattern$CharPropertyNames$11,2,32
org.apache.lucene.codecs.lucene50.Lucene50CompoundReader,2,64
sun.security.jca.ProviderConfig[ ],2,72
sun.security.provider.Sun,2,192
sun.security.jca.ProviderList,2,48
java.util.Formatter,2,64
java.net.ServerSocket,2,48
java.security.CryptoPrimitive[ ],2,112
java.util.regex.Pattern$SliceI,2,48
sun.security.jca.ProviderList$3,2,48
sun.security.jca.GetInstance$Instance,2,48
org.apache.log4j.spi.LoggingEvent,2,144
java.util.Currency,2,48
org.apache.lucene.analysis.standard.StandardAnalyzer,2,64
java.security.SecureRandom,2,128
org.apache.lucene.util.packed.BulkOperation[ ],2,416
org.apache.lucene.util.packed.PackedInts$NullReader,2,32
java.util.Calendar$Builder,2,112
org.apache.lucene.store.FlushInfo,2,48
org.apache.lucene.index.NormValuesWriter$1,2,48
sun.util.locale.provider.LocaleResources,2,64
org.apache.lucene.index.PrefixCodedTerms$Builder,1,40
org.apache.lucene.document.Field$Index$1,1,24
org.apache.lucene.document.Field$Index$3,1,24
org.apache.lucene.document.Field$Index$2,1,24
org.apache.lucene.document.Field$TermVector$5,1,24
org.apache.lucene.document.Field$TermVector[ ],1,40
org.apache.lucene.document.Field$Index[ ],1,40
org.apache.lucene.document.Field$Index$4,1,24
org.apache.lucene.search.Query[ ],1,16
org.apache.lucene.index.Term[ ],1,16
org.apache.lucene.index.Term,1,24
org.apache.lucene.analysis.tokenattributes.OffsetAttributeImpl,1,24
org.apache.lucene.document.Field$TermVector$4,1,24
org.apache.lucene.index.DocumentsWriterFlushQueue$SegmentFlushTicket,1,32
org.apache.lucene.index.PrefixCodedTerms,1,32
org.apache.lucene.document.Field$Index$5,1,24
org.apache.lucene.index.FrozenBufferedUpdates,1,56
java.lang.management.PlatformComponent$11,1,16
com.sun.management.VMOption$Origin[ ],1,48
java.lang.management.PlatformComponent$13,1,16
java.lang.management.PlatformComponent$4,1,16
java.util.regex.Pattern$All,1,16
java.util.regex.Pattern$Dollar,1,24
java.util.regex.Pattern$Node,1,16
java.lang.management.PlatformComponent$5,1,16
java.lang.management.PlatformComponent$8,1,16
java.lang.management.PlatformComponent$3,1,16
java.lang.management.PlatformComponent$7,1,16
java.util.Scanner$1,1,24
java.util.regex.Pattern$6,1,24
java.util.regex.Pattern$CharPropertyNames$23,1,16
java.lang.management.PlatformComponent$10,1,16
java.lang.management.PlatformComponent$1,1,16
java.lang.management.PlatformComponent$2,1,16
java.lang.management.PlatformComponent$9,1,16
java.lang.management.PlatformComponent$14,1,16
java.lang.management.PlatformComponent$15,1,16
java.lang.management.PlatformComponent$6,1,16
sun.management.HotSpotDiagnostic,1,16
java.nio.file.StandardCopyOption[ ],1,32
sun.reflect.generics.scope.MethodScope,1,24
java.lang.ArrayIndexOutOfBoundsException,1,32
sun.reflect.generics.tree.TypeSignature[ ],1,16
com.sun.beans.util.Cache$CacheEntry[ ],1,48
java.beans.EventSetDescriptor[ ],1,16
java.lang.reflect.Proxy$KeyFactory,1,16
sun.management.VMManagementImpl,1,24
java.lang.management.PlatformComponent$12,1,16
java.beans.WeakIdentityMap$Entry,1,40
com.sun.beans.util.Cache$Kind[ ],1,32
java.beans.ThreadGroupContext,1,32
java.beans.WeakIdentityMap$Entry[ ],1,48
java.beans.ThreadGroupContext$1,1,32
com.sun.beans.finder.BeanInfoFinder,1,32
java.lang.reflect.WeakCache,1,32
java.lang.reflect.Proxy$ProxyClassFactory,1,16
com.sun.beans.util.Cache$Kind$2,1,24
com.sun.beans.util.Cache$Kind$1,1,24
org.apache.lucene.codecs.lucene50.Lucene50CompoundFormat,1,16
com.sun.beans.util.Cache$Kind$3,1,24
org.apache.lucene.codecs.lucene50.Lucene50StoredFieldsFormat,1,16
com.sun.beans.finder.MethodFinder$1,1,40
sun.reflect.generics.tree.FormalTypeParameter,1,24
java.nio.file.AccessDeniedException,1,40
java.nio.file.Files$AcceptAllFilter,1,16
org.apache.lucene.analysis.tokenattributes.PositionIncrementAttributeImpl,1,16
org.apache.lucene.util.AttributeFactory$DefaultAttributeFactory$1,1,32
org.apache.lucene.codecs.lucene54.Lucene54Codec,1,64
java.util.concurrent.TimeUnit$4,1,24
java.util.concurrent.TimeUnit$3,1,24
org.apache.lucene.util.FrequencyTrackingRingBuffer,1,32
org.apache.lucene.util.FrequencyTrackingRingBuffer$IntBag,1,24
org.apache.lucene.codecs.lucene50.Lucene50TermVectorsFormat,1,32
org.apache.lucene.util.ByteBlockPool$DirectTrackingAllocator,1,24
org.apache.lucene.codecs.lucene50.Lucene50SegmentInfoFormat,1,16
sun.nio.cs.US_ASCII,1,24
sun.nio.cs.UTF_16,1,24
org.apache.lucene.codecs.lucene54.Lucene54Codec$1,1,24
org.apache.lucene.index.DefaultIndexingChain,1,64
sun.reflect.GeneratedConstructorAccessor1,1,16
sun.nio.cs.UTF_16BE,1,24
java.util.RegularEnumSet$EnumSetIterator,1,32
com.sun.crypto.provider.PKCS5Padding,1,16
java.security.AllPermission,1,16
com.sun.nio.file.ExtendedOpenOption[ ],1,32
org.apache.lucene.index.DocumentsWriterPerThread$1,1,16
org.apache.lucene.analysis.NumericTokenStream$NumericAttributeFactory,1,16
org.apache.lucene.codecs.lucene53.Lucene53NormsFormat,1,16
org.apache.lucene.util.AttributeFactory$1,1,24
java.util.concurrent.TimeUnit$2,1,24
java.io.StringWriter,1,24
java.util.concurrent.TimeUnit$5,1,24
sun.nio.ch.SharedFileLockTable$FileLockReference,1,32
org.apache.lucene.codecs.lucene50.Lucene50FieldInfosFormat,1,16
java.util.concurrent.TimeUnit$1,1,24
org.apache.lucene.index.DocumentsWriterPerThread$IntBlockAllocator,1,24
java.util.concurrent.TimeUnit[ ],1,48
sun.nio.cs.UTF_16LE,1,24
org.apache.lucene.document.Field$TermVector$2,1,24
org.apache.lucene.index.DocumentsWriterPerThread,1,104
java.util.concurrent.TimeUnit$7,1,24
org.apache.lucene.codecs.lucene54.Lucene54Codec$2,1,24
sun.nio.cs.ISO_8859_1,1,24
org.apache.lucene.codecs.compressing.CompressingStoredFieldsIndexWriter,1,56
org.apache.lucene.search.similarities.DefaultSimilarity,1,16
org.apache.lucene.analysis.tokenattributes.TypeAttributeImpl,1,16
org.apache.lucene.search.UsageTrackingQueryCachingPolicy,1,24
org.apache.lucene.document.Field$TermVector$1,1,24
org.apache.lucene.index.IndexWriterConfig$OpenMode[ ],1,32
org.apache.lucene.util.AttributeSource$2,1,24
org.apache.lucene.search.IndexSearcher$1,1,16
org.apache.lucene.codecs.lucene50.Lucene50LiveDocsFormat,1,16
org.apache.lucene.analysis.NumericTokenStream$NumericTermAttributeImpl,1,40
java.util.jar.JavaUtilJarAccessImpl,1,16
org.apache.lucene.search.LRUQueryCache,1,80
org.apache.lucene.analysis.Tokenizer$1,1,24
org.apache.lucene.search.QueryCachingPolicy$CacheOnLargeSegments,1,24
java.util.concurrent.TimeUnit$6,1,24
org.apache.lucene.util.LongValues$1,1,16
org.apache.lucene.codecs.compressing.GrowableByteArrayDataOutput,1,32
java.lang.ProcessEnvironment,1,48
com.sun.crypto.provider.SunJCE,1,96
java.lang.invoke.MethodHandleImpl$3,1,16
com.sun.crypto.provider.ElectronicCodeBook,1,24
com.sun.crypto.provider.CipherCore,1,64
sun.misc.Perf,1,16
com.sun.crypto.provider.CipherBlockChaining,1,40
org.apache.lucene.util.AttributeFactory$DefaultAttributeFactory,1,16
java.lang.ProcessEnvironment$NameComparator,1,16
java.lang.ProcessEnvironment$EntryComparator,1,16
java.util.zip.ZipFile$1,1,16
org.apache.lucene.util.ArrayUtil$NaturalComparator,1,16
com.sun.crypto.provider.AESCipher$General,1,24
sun.nio.cs.UTF_8,1,24
java.lang.invoke.MemberName$Factory,1,16
sun.misc.URLClassPath$FileLoader,1,24
org.apache.lucene.util.packed.Direct16,1,24
sun.launcher.LauncherHelper,1,24
sun.launcher.LauncherHelper[ ],1,24
com.sun.crypto.provider.AESCrypt,1,32
sun.nio.cs.ThreadLocalCoders$2,1,24
sun.nio.cs.ThreadLocalCoders$1,1,24
org.apache.lucene.codecs.compressing.LZ4$HashTable,1,24
java.lang.invoke.MethodHandleImpl$4,1,24
java.lang.invoke.MethodHandleImpl$2,1,16
java.util.BitSet,1,24
sun.nio.cs.StandardCharsets,1,32
java.util.Collections$EmptyMap,1,24
java.lang.OutOfMemoryError[ ],1,32
java.io.File[ ],1,16
sun.net.www.protocol.file.Handler,1,16
java.lang.System$2,1,16
sun.misc.Launcher$Factory,1,16
java.lang.ThreadGroup[ ],1,32
java.lang.CharacterDataLatin1,1,16
java.lang.ref.Finalizer$FinalizerThread,1,384
sun.nio.cs.StandardCharsets$Aliases,1,40
java.util.Collections$EmptySet,1,16
java.lang.ref.Reference$ReferenceHandler,1,376
java.lang.reflect.ReflectAccess,1,16
java.util.Locale$Cache,1,24
java.security.ProtectionDomain$2,1,16
sun.util.locale.BaseLocale$Cache,1,24
sun.nio.cs.StandardCharsets$Classes,1,40
java.security.ProtectionDomain$JavaSecurityAccessImpl,1,16
java.lang.String$CaseInsensitiveComparator,1,16
sun.nio.cs.StandardCharsets$Cache,1,40
java.util.Collections$SetFromMap,1,24
java.net.URLClassLoader$7,1,16
java.util.Collections$EmptyList,1,16
sun.reflect.GeneratedMethodAccessor1,1,16
sun.reflect.GeneratedMethodAccessor4,1,16
sun.misc.Launcher,1,16
sun.security.ec.SunEC,1,96
java.nio.charset.CoderResult$2,1,16
java.lang.Runtime,1,16
sun.reflect.ReflectionFactory,1,16
java.lang.ref.Reference$Lock,1,16
java.lang.Float,1,16
java.lang.Terminator$1,1,16
java.lang.Throwable[ ],1,16
sun.misc.Launcher$AppClassLoader,1,96
java.nio.Bits$1,1,16
sun.reflect.GeneratedMethodAccessor2,1,16
java.io.WinNTFileSystem,1,32
sun.reflect.GeneratedMethodAccessor3,1,16
sun.reflect.GeneratedMethodAccessor5,1,16
java.io.File$PathStatus[ ],1,24
sun.misc.Unsafe,1,16
java.lang.Double,1,24
java.lang.Enum[ ],1,16
java.nio.charset.CoderResult$1,1,16
java.lang.ArithmeticException,1,32
sun.misc.Launcher$ExtClassLoader,1,88
java.io.FileDescriptor$1,1,16
java.lang.NullPointerException,1,32
sun.util.resources.en.TimeZoneNames_en,1,48
sun.misc.ASCIICaseInsensitiveComparator,1,16
sun.nio.cs.ext.GBK,1,24
sun.nio.cs.ext.ExtendedCharsets,1,40
sun.util.locale.provider.TimeZoneNameUtility$TimeZoneNameGetter,1,16
sun.util.resources.TimeZoneNames,1,48
sun.util.locale.provider.TimeZoneNameProviderImpl,1,24
org.apache.lucene.index.DocumentsWriter$ForcedPurgeEvent,1,16
org.apache.lucene.index.DocumentsWriter$DeleteNewFilesEvent,1,16
com.jprofiler.agent.probe.a.g,1,32
com.jprofiler.agent.probe.a.a.j,1,24
com.jprofiler.agent.probe.a.ae,1,48
com.jprofiler.agent.probe.a.h,1,24
com.jprofiler.agent.probe.c.p,1,24
sun.reflect.GeneratedMethodAccessor8,1,16
com.jprofiler.agent.probe.c.k,1,56
sun.reflect.GeneratedMethodAccessor7,1,16
com.jprofiler.agent.probe.a.c$a,1,16
com.jprofiler.agent.probe.c.c,1,40
com.jprofiler.agent.probe.a.k,1,24
com.jprofiler.agent.probe.a.aj,1,32
com.jprofiler.agent.probe.a.ag,1,24
java.util.concurrent.ConcurrentHashMap$ValueIterator,1,56
com.jprofiler.agent.probe.c.n,1,16
org.apache.lucene.index.MergeTrigger[ ],1,40
org.apache.lucene.index.DocumentsWriter$MergePendingEvent,1,16
org.apache.lucene.document.Field$TermVector$3,1,24
org.apache.lucene.index.TieredMergePolicy$SegmentByteSizeDescending,1,24
org.apache.lucene.store.MMapDirectory,1,32
com.jprofiler.agent.probe.a.c,1,32
sun.reflect.GeneratedConstructorAccessor4,1,16
com.jprofiler.agent.probe.d.c$b,1,16
java.util.zip.GZIPInputStream,1,56
com.jprofiler.agent.probe.e.f,1,16
com.jprofiler.agent.probe.a.aa,1,32
com.jprofiler.agent.probe.d.i$a,1,16
com.jprofiler.agent.probe.a.r,1,48
com.jprofiler.agent.probe.a.d,1,16
com.jprofiler.agent.probe.a.v,1,24
com.jprofiler.agent.probe.e.a,1,16
com.jprofiler.agent.probe.a.am,1,32
com.jprofiler.agent.probe.a.m,1,72
com.jprofiler.agent.probe.p,1,16
com.jprofiler.agent.probe.a.ao,1,24
com.jprofiler.agent.probe.a.j,1,48
org.apache.lucene.index.IndexOptions[ ],1,40
com.jprofiler.agent.n,1,16
com.jprofiler.agent.probe.a.b,1,24
com.jprofiler.agent.probe.a.i,1,24
com.jprofiler.agent.m,1,16
com.jprofiler.agent.probe.a.n,1,16
com.jprofiler.agent.probe.q,1,16
com.jprofiler.agent.probe.a.l,1,40
com.jprofiler.agent.probe.a.z,1,24
com.jprofiler.agent.probe.a.x,1,40
com.jprofiler.agent.probe.c.l,1,24
com.jprofiler.agent.probe.c.m,1,16
com.jprofiler.agent.probe.a.ad,1,24
com.jprofiler.agent.probe.a.af,1,16
com.jprofiler.agent.probe.a.w,1,24
org.apache.lucene.document.FieldType$NumericType[ ],1,32
com.sun.proxy.$Proxy6,1,16
com.jprofiler.agent.util.a.a.b.q,1,16
org.apache.lucene.analysis.util.CharacterUtils$Java4CharacterUtils,1,16
xaurora.text.XauroraParserTokenManager,1,16
java.lang.management.MemoryPoolMXBean[ ],1,40
org.apache.lucene.index.DocumentsWriterPerThread$FlushedSegment,1,32
org.apache.lucene.index.FreqProxFields,1,16
org.apache.lucene.analysis.util.CharArrayMap$EmptyCharArrayMap,1,48
java.lang.management.MemoryType[ ],1,24
com.jprofiler.agent.util.a.a.b.n$c[ ][ ],1,32
org.apache.lucene.index.NumericDocValuesWriter,1,40
com.jprofiler.agent.util.a.a.b.x,1,24
org.apache.lucene.analysis.Analyzer$2,1,16
sun.nio.cs.UTF_16LE$Encoder,1,56
com.jprofiler.agent.probe.ProbeHandler$a,1,384
sun.nio.cs.UTF_16LE$Decoder,1,56
com.jprofiler.agent.probe.a.o,1,16
sun.reflect.GeneratedConstructorAccessor5,1,16
org.apache.lucene.store.NativeFSLockFactory,1,16
sun.management.OperatingSystemImpl,1,24
com.jprofiler.agent.probe.a.ac,1,24
org.apache.lucene.analysis.util.CharacterUtils$Java5CharacterUtils,1,16
com.jprofiler.agent.probe.c.o,1,16
java.util.zip.GZIPInputStream$1,1,24
com.jprofiler.agent.probe.c.j,1,40
sun.reflect.GeneratedMethodAccessor6,1,16
com.jprofiler.agent.probe.a.an,1,32
java.io.SequenceInputStream,1,24
com.jprofiler.agent.probe.a.q,1,16
org.apache.lucene.analysis.Analyzer$1,1,16
org.apache.lucene.index.FieldInfos$Builder,1,24
com.jprofiler.agent.probe.o,1,24
com.jprofiler.agent.probe.structures.f$a[ ],1,24
org.slf4j.helpers.NOPLoggerFactory,1,16
com.jprofiler.agent.probe.c.i,1,24
org.apache.lucene.index.TermVectorsConsumerPerField[ ],1,24
com.jprofiler.agent.probe.structures.f$a,1,40
xaurora.communication.WordServer,1,24
org.slf4j.impl.SimpleLoggerFactory,1,16
com.jprofiler.agent.probe.e.e[ ],1,32
org.slf4j.impl.StaticLoggerBinder,1,16
org.apache.lucene.index.TermVectorsConsumer,1,80
org.apache.lucene.store.IOContext$Context[ ],1,32
com.jprofiler.agent.probe.structures.f,1,72
com.jprofiler.agent.util.a.b.r,1,40
org.apache.lucene.index.FreqProxTermsWriter,1,40
com.jprofiler.agent.probe.JavaCollector,1,56
org.apache.lucene.index.DocValuesType[ ],1,40
com.jprofiler.agent.util.a.a.b.s,1,24
com.jprofiler.agent.JProfilerThreadManager[ ],1,24
com.jprofiler.agent.util.a.b.aj,1,64
com.jprofiler.agent.probe.a.al,1,24
java.lang.management.MemoryManagerMXBean[ ],1,32
sun.net.www.protocol.jar.JarFileFactory,1,16
xaurora.text.XauroraParser,1,16
com.jprofiler.agent.util.a.a.b.y,1,24
org.apache.lucene.document.Field$Store[ ],1,24
com.jprofiler.agent.probe.a.aq,1,24
xaurora.communication.ChromeServer,1,40
xaurora.text.SimpleCharStream,1,16
com.jprofiler.agent.util.a.a.b.e$a[ ],1,24
org.slf4j.helpers.SubstituteLoggerFactory,1,24
com.jprofiler.agent.util.a.a.b.e$a,1,24
org.apache.lucene.codecs.compressing.CompressingStoredFieldsWriter,1,80
com.jprofiler.agent.probe.c.h,1,40
org.apache.lucene.index.DocumentsWriterPerThread$DocState,1,40
org.apache.lucene.store.MMapDirectory$2,1,16
org.apache.lucene.store.RAMOutputStream[ ],1,24
xaurora.system.DBManager,1,32
com.jprofiler.agent.probe.a.ah,1,56
com.jprofiler.agent.util.a.a.b.n$s[ ],1,32
sun.net.www.protocol.jar.URLJarFile,1,80
com.jprofiler.agent.probe.a.ap,1,40
com.jprofiler.agent.util.a.a.b.ad,1,24
javax.crypto.spec.RC5ParameterSpec,1,32
com.jprofiler.agent.util.a.a.b.r,1,24
com.jprofiler.agent.util.a.a.b.t,1,24
com.jprofiler.agent.util.a.a.a.a$b,1,16
com.jprofiler.agent.util.a.a.a.a$a,1,16
com.jprofiler.agent.util.a.a.b.v,1,24
com.jprofiler.agent.probe.a.s,1,48
org.apache.lucene.analysis.NumericTokenStream,1,48
com.jprofiler.agent.util.a.a.b.w,1,24
com.jprofiler.agent.util.a.a.b.u,1,24
com.jprofiler.agent.util.a.b.a.c,1,16
javax.crypto.spec.RC2ParameterSpec,1,24
com.jprofiler.agent.util.a.a.b.p,1,16
com.jprofiler.agent.probe.a.ah$c,1,16
org.apache.lucene.index.BufferedUpdatesStream$1,1,16
com.jprofiler.agent.probe.a.a.i,1,24
com.jprofiler.agent.probe.a.ai,1,24
com.jprofiler.api.agent.ProbeObjectType[ ],1,32
com.jprofiler.agent.util.a.a.b.af,1,24
java.lang.Character[ ],1,528
com.jprofiler.agent.util.a.a.b.ae,1,24
java.lang.Short[ ],1,1040
java.lang.invoke.MethodType$ConcurrentWeakInternSet,1,24
com.jprofiler.agent.probe.a.a.h,1,32
com.jprofiler.agent.util.a.a.b.o,1,16
java.net.InetAddress$2,1,16
com.sun.net.ssl.internal.ssl.Provider,1,96
sun.security.validator.EndEntityChecker,1,24
javax.crypto.CryptoAllPermission,1,40
sun.nio.cs.Surrogate$Parser,1,24
java.net.InetAddress$Cache$Type[ ],1,24
sun.text.normalizer.NormalizerBase$NFCMode,1,16
java.net.Inet6AddressImpl,1,24
java.util.LinkedHashMap$LinkedKeyIterator,1,32
sun.security.validator.SimpleValidator,1,32
sun.text.normalizer.NormalizerBase$NFKDMode,1,16
sun.text.normalizer.NormalizerBase$Mode,1,16
java.text.Normalizer$Form[ ],1,32
sun.security.jca.ServiceId[ ],1,40
org.apache.lucene.index.TermsEnum$2,1,16
org.apache.lucene.util.fst.ByteSequenceOutputs,1,16
sun.text.normalizer.NormalizerBase$NFKCMode,1,16
sun.security.util.ObjectIdentifier[ ],1,88
org.apache.lucene.codecs.perfield.PerFieldPostingsFormat$FieldsGroup,1,24
org.apache.lucene.index.Fields[ ],1,16
sun.security.x509.SubjectAlternativeNameExtension,1,32
sun.text.normalizer.NormalizerBase$NFDMode,1,16
org.apache.lucene.index.Terms[ ],1,16
java.lang.Byte[ ][ ],1,88
org.apache.lucene.codecs.perfield.PerFieldPostingsFormat$FieldsWriter$1,1,24
sun.security.x509.GeneralName,1,16
org.apache.lucene.util.fst.FST$INPUT_TYPE[ ],1,32
sun.security.x509.RFC822Name,1,16
sun.security.rsa.RSAKeyFactory,1,16
sun.security.util.ByteArrayLexOrder,1,16
org.apache.lucene.codecs.lucene50.ForUtil,1,32
org.apache.lucene.codecs.lucene50.Lucene50SkipWriter,1,128
sun.security.x509.GeneralNames,1,16
sun.security.x509.KeyUsageExtension,1,32
sun.security.util.ByteArrayTagOrder,1,16
sun.security.x509.NetscapeCertTypeExtension$MapEntry[ ],1,48
java.nio.file.LinkOption,1,24
javax.crypto.Cipher,1,64
java.io.StringReader,1,40
java.nio.file.CopyOption[ ],1,24
java.util.concurrent.LinkedBlockingQueue$Node,1,24
java.util.LinkedHashSet,1,16
sun.security.jca.ProviderList$ServiceList,1,48
sun.security.rsa.SunRsaSign,1,96
sun.security.jca.ProviderList$ServiceList$1,1,24
sun.reflect.generics.reflectiveObjects.ParameterizedTypeImpl,1,24
java.lang.invoke.LambdaFormEditor$Transform[ ],1,32
java.lang.invoke.DirectMethodHandle$Special,1,32
javax.crypto.spec.SecretKeySpec,1,24
java.util.concurrent.LinkedBlockingQueue,1,48
org.apache.lucene.codecs.lucene54.Lucene54DocValuesConsumer,1,24
org.apache.lucene.codecs.lucene53.Lucene53NormsConsumer,1,24
sun.reflect.generics.scope.ClassScope,1,24
org.apache.lucene.util.BytesRef$UTF8SortedAsUTF16Comparator,1,16
java.lang.invoke.BoundMethodHandle$Species_L4,1,48
sun.reflect.generics.reflectiveObjects.TypeVariableImpl,1,32
org.apache.lucene.util.BytesRef$UTF8SortedAsUnicodeComparator,1,16
org.apache.lucene.codecs.lucene50.Lucene50PostingsWriter,1,168
org.apache.lucene.codecs.PostingsFormat[ ],1,16
sun.reflect.generics.tree.MethodTypeSignature,1,32
org.apache.lucene.codecs.perfield.PerFieldDocValuesFormat$FieldsWriter,1,32
java.util.Locale$Category[ ],1,24
sun.util.calendar.Gregorian,1,16
java.lang.invoke.LambdaForm$Name[ ][ ],1,40
org.apache.lucene.codecs.compressing.CompressingStoredFieldsFormat,1,40
org.apache.lucene.codecs.blocktree.BlockTreeTermsWriter,1,80
org.apache.lucene.codecs.lucene54.Lucene54DocValuesFormat,1,16
org.apache.lucene.util.InfoStream$NoOutput,1,16
sun.reflect.generics.tree.BottomSignature,1,16
sun.reflect.generics.tree.Wildcard,1,24
java.lang.invoke.MethodHandleImpl$Intrinsic[ ],1,48
sun.reflect.generics.reflectiveObjects.WildcardTypeImpl,1,32
org.apache.lucene.codecs.lucene50.Lucene50PostingsFormat,1,24
java.util.regex.Pattern$CharPropertyNames$7,1,16
java.util.regex.Pattern$CharPropertyNames$17,1,16
java.util.regex.Pattern$CharPropertyNames$8,1,16
java.util.regex.Pattern$CharPropertyNames$18,1,16
java.util.regex.Pattern$CharPropertyNames$20,1,16
sun.reflect.generics.repository.MethodRepository,1,40
java.lang.invoke.LambdaFormEditor$Transform$Kind[ ],1,72
sun.reflect.UnsafeQualifiedStaticObjectFieldAccessorImpl,1,40
org.apache.lucene.util.packed.BulkOperationPacked18,1,48
org.apache.lucene.codecs.compressing.CompressionMode$1,1,16
org.apache.lucene.util.packed.BulkOperationPacked20,1,48
sun.nio.fs.WindowsSecurityDescriptor,1,24
java.util.regex.Pattern$CharPropertyNames$12,1,16
org.apache.lucene.util.packed.BulkOperationPacked13,1,48
org.apache.lucene.util.packed.BulkOperationPacked12,1,48
org.apache.lucene.codecs.perfield.PerFieldPostingsFormat$FieldsWriter,1,24
org.apache.lucene.util.packed.BulkOperationPacked14,1,48
org.apache.lucene.codecs.compressing.CompressionMode$2,1,16
java.util.regex.Pattern$4,1,16
org.apache.lucene.util.packed.BulkOperationPacked23,1,48
java.util.regex.Pattern$CharPropertyNames$13,1,16
org.apache.lucene.util.packed.BulkOperationPacked24,1,48
org.apache.lucene.codecs.compressing.CompressionMode$LZ4FastCompressor,1,16
java.util.Scanner,1,136
org.apache.lucene.codecs.compressing.CompressionMode$3,1,16
org.apache.lucene.util.CollectionUtil$ListIntroSorter,1,24
org.apache.lucene.codecs.compressing.CompressionMode$4,1,16
org.apache.lucene.codecs.lucene50.Lucene50StoredFieldsFormat$Mode[ ],1,24
sun.nio.fs.WindowsChannelFactory$1,1,16
org.apache.lucene.util.packed.BulkOperationPacked21,1,48
org.apache.lucene.util.packed.BulkOperationPacked22,1,48
javax.crypto.JceSecurityManager,1,16
java.util.regex.Pattern$CharPropertyNames$9,1,16
java.util.regex.Pattern$CharPropertyNames$14,1,16
java.util.zip.CheckedInputStream,1,24
org.apache.lucene.codecs.lucene54.Lucene54DocValuesConsumer$NumberType[ ],1,24
java.util.regex.Pattern$CharPropertyNames$6,1,16
sun.nio.ch.Util$1,1,16
org.apache.lucene.codecs.perfield.PerFieldDocValuesFormat$ConsumerAndSuffix,1,24
org.apache.lucene.index.NumericDocValuesWriter$NumericIterator,1,32
java.util.regex.Pattern$CharPropertyNames$15,1,16
java.util.regex.Pattern$CharPropertyNames$10,1,16
org.apache.lucene.util.packed.BulkOperationPacked8,1,48
org.apache.lucene.util.packed.BulkOperationPacked7,1,48
sun.net.www.protocol.https.Handler,1,32
java.lang.ProcessImpl,1,32
org.apache.lucene.util.packed.BulkOperationPacked11,1,48
java.util.regex.Pattern$CharPropertyNames$5,1,16
java.util.regex.Pattern$CharPropertyNames$16,1,16
org.apache.lucene.index.NumericDocValuesWriter$1,1,24
org.apache.lucene.util.packed.BulkOperationPacked10,1,48
org.apache.lucene.util.packed.BulkOperationPacked9,1,48
java.security.Provider[ ],1,16
sun.security.util.DisabledAlgorithmConstraints$KeySizeConstraint,1,24
sun.net.www.protocol.http.Handler,1,24
org.apache.lucene.util.packed.BulkOperationPacked15,1,48
org.apache.lucene.util.packed.BulkOperationPacked17,1,48
org.apache.lucene.util.packed.BulkOperationPacked19,1,48
java.util.regex.Pattern$LastNode,1,16
java.util.regex.Pattern$CharPropertyNames$19,1,16
java.util.regex.Pattern$CharPropertyNames$22,1,16
org.apache.lucene.util.packed.BulkOperationPacked16,1,48
sun.misc.FloatingDecimal$1,1,16
sun.security.util.DisabledAlgorithmConstraints$KeySizeConstraint$Operator[ ],1,40
com.jprofiler.agent.probe.c.g,1,24
sun.security.util.DisabledAlgorithmConstraints$KeySizeConstraints,1,16
com.jprofiler.agent.probe.a.a.f,1,40
sun.nio.fs.WindowsFileSystem,1,32
sun.security.jca.ProviderList$1,1,96
com.jprofiler.agent.probe.a.a.a,1,40
java.lang.InheritableThreadLocal,1,16
com.jprofiler.agent.probe.c.d,1,32
com.jprofiler.agent.probe.c.f,1,32
java.net.SocketPermission,1,56
java.math.BigInteger[ ][ ],1,168
sun.nio.fs.WindowsPathType[ ],1,40
java.security.AllPermissionCollection,1,24
sun.security.util.DisabledAlgorithmConstraints,1,24
sun.security.provider.MD5,1,56
sun.misc.FDBigInteger[ ],1,1376
sun.security.provider.NativeSeedGenerator,1,16
sun.security.util.AlgorithmDecomposer,1,16
com.jprofiler.agent.triggers.TriggerInterceptor,1,48
com.jprofiler.agent.triggers.TriggerInterceptor$1,1,24
javax.crypto.spec.IvParameterSpec,1,16
java.text.FieldPosition[ ],1,16
com.jprofiler.agent.probe.a.a.c,1,40
com.jprofiler.agent.probe.a.a.d,1,40
com.jprofiler.agent.probe.a.a.g,1,40
sun.nio.fs.WindowsFileSystemProvider,1,16
sun.text.resources.en.FormatData_en,1,48
sun.util.locale.provider.DecimalFormatSymbolsProviderImpl,1,24
sun.util.resources.CurrencyNames,1,48
java.text.DontCareFieldPosition,1,32
sun.text.resources.en.FormatData_en_US,1,48
xaurora.system.SystemManager,1,64
xaurora.io.DataFileIO,1,24
xaurora.system.TimeManager,1,24
sun.util.locale.provider.NumberFormatProviderImpl,1,24
java.util.Collections$EmptyEnumeration,1,16
xaurora.system.SecurityManager,1,24
java.math.RoundingMode[ ],1,48
java.util.Currency$CurrencyNameGetter,1,16
sun.util.locale.provider.DateFormatSymbolsProviderImpl,1,24
sun.text.resources.FormatData,1,48
org.apache.log4j.ConsoleAppender,1,64
sun.util.resources.en.CurrencyNames_en_US,1,48
xaurora.io.SystemIO,1,16
org.apache.log4j.DefaultCategoryFactory,1,16
org.apache.log4j.Hierarchy,1,48
sun.util.locale.provider.CalendarDataUtility$CalendarWeekParameterGetter,1,16
com.jprofiler.agent.sampler.Sampler,1,376
sun.util.locale.provider.CalendarDataProviderImpl,1,24
com.jprofiler.api.agent.mbean.RemoteController,1,16
java.lang.Long[ ],1,1040
xaurora.text.TextIndexer,1,48
org.apache.log4j.helpers.QuietWriter,1,32
sun.util.locale.provider.CurrencyNameProviderImpl,1,24
java.text.DontCareFieldPosition$1,1,16
org.apache.lucene.util.packed.PackedInts$Decoder[ ],1,152
org.apache.lucene.util.packed.PackedInts$Encoder[ ],1,152
java.util.ResourceBundle$1,1,40
org.apache.lucene.util.packed.BulkOperationPacked1,1,48
org.apache.lucene.util.packed.BulkOperationPacked2,1,48
org.apache.log4j.spi.RootLogger,1,40
org.apache.log4j.or.RendererMap,1,16
java.util.ResourceBundle$Control,1,16
org.apache.lucene.index.DocValuesUpdate$NumericDocValuesUpdate[ ],1,16
com.jprofiler.agent.sampler.b,1,64
org.apache.log4j.spi.DefaultRepositorySelector,1,16
org.apache.lucene.index.DocValuesUpdate$BinaryDocValuesUpdate[ ],1,16
com.jprofiler.agent.h,1,16
java.util.ResourceBundle$RBClassLoader,1,72
java.util.ResourceBundle$Control$CandidateListCache,1,24
org.apache.lucene.util.packed.PackedInts$Format[ ],1,24
org.apache.lucene.util.packed.Packed64SingleBlock$Packed64SingleBlock4,1,24
org.apache.lucene.util.packed.BulkOperationPacked5,1,48
sun.util.resources.CalendarData,1,48
org.apache.lucene.util.packed.PackedInts$Format$2,1,24
org.apache.log4j.or.DefaultRenderer,1,16
sun.util.resources.en.CalendarData_en,1,48
sun.util.resources.LocaleData$LocaleDataResourceBundleControl,1,16
org.apache.lucene.util.packed.BulkOperationPacked4,1,48
com.jprofiler.agent.mbean.d,1,16
com.jprofiler.agent.mbean.c$b,1,24
sun.util.resources.LocaleData,1,16
org.apache.lucene.util.packed.BulkOperationPacked6,1,48
sun.util.locale.provider.LocaleProviderAdapter$Type[ ],1,40
sun.util.locale.provider.SPILocaleProviderAdapter,1,16
java.lang.String[ ][ ],1,120
sun.util.locale.provider.AuxLocaleProviderAdapter$NullProvider,1,16
java.util.Collections$EmptyIterator,1,16
org.apache.lucene.util.packed.BulkOperationPacked3,1,48
sun.util.locale.provider.CalendarProviderImpl,1,24
org.apache.lucene.util.packed.PackedInts$Format$1,1,24
sun.util.locale.provider.JRELocaleProviderAdapter,1,72
